Program,ProgramCode,StressLevel
None,0,5
Healthy Habits,1,3
Get Movin,2,1
Recharge,3,2
Get Movin,2,4
Recharge,3,2
None,0,3
Recharge,3,4
Recharge,3,2
Healthy Habits,1,10
Healthy Habits,1,8
Healthy Habits,1,5
Recharge,3,6
Healthy Habits,1,4
Recharge,3,6
Recharge,3,8
Healthy Habits,1,6
None,0,5
Get Movin,2,5
Get Movin,2,3
Get Movin,2,7
Healthy Habits,1,6
Healthy Habits,1,6
Get Movin,2,4
Recharge,3,6
Get Movin,2,5
None,0,5
None,0,6
Recharge,3,4
Recharge,3,6
Get Movin,2,1
Get Movin,2,4
Healthy Habits,1,9
Recharge,3,8
Get Movin,2,4
Recharge,3,6
Healthy Habits,1,10
None,0,5
Healthy Habits,1,4
Healthy Habits,1,5
None,0,10
Healthy Habits,1,10
Get Movin,2,7
Get Movin,2,5
Get Movin,2,2
Get Movin,2,2
Recharge,3,7
Healthy Habits,1,5
Recharge,3,9
Healthy Habits,1,3
Healthy Habits,1,6
None,0,7
Get Movin,2,7
Get Movin,2,8
None,0,6
None,0,4
Healthy Habits,1,7
Recharge,3,2
Healthy Habits,1,6
Get Movin,2,5
Healthy Habits,1,4
Recharge,3,9
Get Movin,2,7
None,0,7
Get Movin,2,3
None,0,9
None,0,5
Healthy Habits,1,9
Recharge,3,3
None,0,3
Recharge,3,3
None,0,7
None,0,3
Get Movin,2,8
Healthy Habits,1,3
None,0,7
Get Movin,2,3
Healthy Habits,1,5
Get Movin,2,2
None,0,8
Healthy Habits,1,4
None,0,4
Get Movin,2,4
Healthy Habits,1,5
Get Movin,2,7
None,0,10
None,0,8
Recharge,3,5
None,0,8
Get Movin,2,7
Recharge,3,6
Healthy Habits,1,3
Get Movin,2,1
Recharge,3,9
None,0,10
Recharge,3,7
Healthy Habits,1,3
Recharge,3,8
Healthy Habits,1,9
Recharge,3,3
Get Movin,2,5
Recharge,3,7
None,0,6
Healthy Habits,1,7
Get Movin,2,5
Healthy Habits,1,4
None,0,10
None,0,7
Recharge,3,4
Healthy Habits,1,6
None,0,5
Recharge,3,4
Get Movin,2,8
Recharge,3,3
None,0,5
Get Movin,2,2
None,0,3
Recharge,3,4
Recharge,3,3
None,0,9
